<?xml version="1.0" encoding="UTF-8"?>

<suite name="nopcommerce" thread-count="5" parallel="tests">
		
	<listeners>
		<listener class-name="com.nopcommerce.utilities.ExtentReportManager" />
	</listeners>
	
	<parameter name="browser" value="chrome"/>
	<!-- <parameter name="browser" value="edge"/>
	<parameter name="browser" value="firefox"/>
	<parameter name="browser" value="ie"/> -->
		
	<test name="TC_LoginTest_001">
		<classes>
			<class name="com.nopcommerce.testCases.TC_LoginTest_001" />
		</classes>
	</test>
	
	<test name="TC_AddCustomerTest_003">
		<classes>
			<class name="com.nopcommerce.testCases.TC_AddCustomerTest_003" />
		</classes>
	</test>
	
	<!-- <test name="TC_LoginDDT_002">
		<classes>
			<class name="com.nopcommerce.testCases.TC_LoginDDT_002" />
		</classes>
	</test>
	
	
	<test name="TC_SearchCustomerByEmail_004">
		<classes>
			<class name="com.nopcommerce.testCases.TC_SearchCustomerByEmail_004" />
		</classes>
	</test>
	
		<test name="TC_SearchCustomerByName_005">
		<classes>
			<class name="com.nopcommerce.testCases.TC_SearchCustomerByName_005" />
		</classes>
	</test> -->
	
	
</suite>